periodo,id_sucursal,meta_ventas,meta_unidades
2026-01,1,178500.66,13623
2026-01,2,169903.32,7703
2026-01,3,144615.3,12239
2026-01,4,199958.95,13829
2026-01,5,213392.35,12528
2026-01,6,143375.45,8773
2026-02,1,214054.12,13402
2026-02,2,235352.3,8705
2026-02,3,159752.73,13655
2026-02,4,201670.94,10186
2026-02,5,244785.13,12226
2026-02,6,249329.81,9669
2026-03,1,178986.13,7633
2026-03,2,189471.14,7855
2026-03,3,172904.14,13514
2026-03,4,144368.01,7574
2026-03,5,196092.84,11759
2026-03,6,236675.63,9974
2026-04,1,167472.87,7761
2026-04,2,200617.18,10984
2026-04,3,188375.61,12679
2026-04,4,174586.56,12539
2026-04,5,153548.56,12257
2026-04,6,240979.49,10072
2026-05,1,154196.39,9217
2026-05,2,159764.24,7539
2026-05,3,159223.3,13329
2026-05,4,256686.96,10131
2026-05,5,157110.18,7955
2026-05,6,229590.6,8364
2026-06,1,154128.63,12365
2026-06,2,232206.31,7876
2026-06,3,159321.74,9086
2026-06,4,160835.05,8497
2026-06,5,159367.59,13648
2026-06,6,191658.52,10459
2026-07,1,153611.88,7120
2026-07,2,149416.02,11336
2026-07,3,153216.02,9088
2026-07,4,246209.96,10032
2026-07,5,214076.46,7883
2026-07,6,243982.42,11804
2026-08,1,239688.55,9510
2026-08,2,254997.25,13055
2026-08,3,239433.95,7833
2026-08,4,231653.91,11180
2026-08,5,217032.38,7238
2026-08,6,141415.03,11919
