id_promocion,nombre,fecha_inicio,fecha_fin,id_categoria,porcentaje_descuento
1,Promo Lácteos 01,2026-04-16,2026-04-29,3,0.05
2,Promo Snacks 02,2026-03-01,2026-03-23,2,0.15
3,Promo Snacks 03,2026-02-05,2026-02-26,2,0.15
4,Promo Lácteos 04,2026-08-03,2026-08-20,3,0.25
5,Promo Congelados 05,2026-08-01,2026-08-15,7,0.15
6,Promo Lácteos 06,2026-07-28,2026-08-04,3,0.05
7,Promo Bebidas 07,2026-05-27,2026-06-08,1,0.1
8,Promo Panadería 08,2026-04-05,2026-04-23,8,0.2
9,Promo Snacks 09,2026-08-03,2026-08-23,2,0.05
10,Promo Snacks 10,2026-05-25,2026-06-05,2,0.2
11,Promo Abarrotes 11,2026-01-14,2026-01-21,4,0.1
12,Promo Abarrotes 12,2026-01-14,2026-01-27,4,0.25
13,Promo Limpieza 13,2026-06-11,2026-07-07,5,0.15
14,Promo Abarrotes 14,2026-04-11,2026-04-25,4,0.15
15,Promo Bebidas 15,2026-08-11,2026-08-28,1,0.2
16,Promo Abarrotes 16,2026-02-13,2026-02-23,4,0.05
17,Promo Panadería 17,2026-07-10,2026-07-27,8,0.1
18,Promo Cuidado personal 18,2026-03-25,2026-04-18,6,0.1
19,Promo Panadería 19,2026-04-29,2026-05-06,8,0.25
20,Promo Congelados 20,2026-06-16,2026-07-02,7,0.05
21,Promo Lácteos 21,2026-07-12,2026-07-19,3,0.2
22,Promo Panadería 22,2026-02-18,2026-03-08,8,0.05
23,Promo Panadería 23,2026-04-28,2026-05-23,8,0.25
24,Promo Limpieza 24,2026-06-23,2026-06-30,5,0.1
25,Promo Snacks 25,2026-08-09,2026-08-20,2,0.2
26,Promo Lácteos 26,2026-07-20,2026-08-09,3,0.15
27,Promo Congelados 27,2026-05-18,2026-05-30,7,0.25
28,Promo Cuidado personal 28,2026-03-13,2026-03-23,6,0.2
29,Promo Limpieza 29,2026-07-21,2026-08-02,5,0.05
30,Promo Snacks 30,2026-04-21,2026-05-05,2,0.05
